{"cameraMode":{"drawMode":0,"name":"Shaded","section":"Shading Mode"},"sceneLighting":false,"audioPlay":false,"sceneViewState":{"showFog":true,"showMaterialUpdate":false,"showSkybox":true,"showFlares":true,"showImageEffects":true,"showParticleSystems":true},"in2DMode":false,"pivot":{"x":-8.940696716308594e-8,"y":10.212470054626465,"z":-2.9802322387695315e-8},"rotation":{"x":0.06713993847370148,"y":0.003588905092328787,"z":0.00024082612071651965,"w":-0.9977418184280396},"size":22.0,"orthographic":false}