{"cameraMode":{"drawMode":0,"name":"Shaded","section":"Shading Mode"},"sceneLighting":false,"audioPlay":false,"sceneViewState":{"showFog":true,"showMaterialUpdate":false,"showSkybox":true,"showFlares":true,"showImageEffects":true,"showParticleSystems":true},"in2DMode":false,"pivot":{"x":5.0,"y":20.21247100830078,"z":-2.9802322387695315e-8},"rotation":{"x":0.0009775124490261078,"y":-0.9975102543830872,"z":0.06924699246883393,"w":0.014073154889047146},"size":4.722110271453857,"orthographic":false}