{"cameraMode":{"drawMode":0,"name":"Shaded","section":"Shading Mode"},"sceneLighting":false,"audioPlay":false,"sceneViewState":{"showFog":true,"showMaterialUpdate":false,"showSkybox":true,"showFlares":true,"showImageEffects":true,"showParticleSystems":true},"in2DMode":false,"pivot":{"x":0.0,"y":1.4773765802383423,"z":-2.384185791015625e-7},"rotation":{"x":-0.00533452769741416,"y":-0.9629477858543396,"z":0.019075853750109674,"w":-0.26898646354675295},"size":11.870271682739258,"orthographic":false}