{"cameraMode":{"drawMode":0,"name":"Shaded","section":"Shading Mode"},"sceneLighting":false,"audioPlay":false,"sceneViewState":{"showFog":true,"showMaterialUpdate":false,"showSkybox":true,"showFlares":true,"showImageEffects":true,"showParticleSystems":true},"in2DMode":false,"pivot":{"x":2.759999990463257,"y":1.257080078125,"z":-2.680000066757202},"rotation":{"x":-0.5624080896377564,"y":0.34468767046928408,"z":-0.2768521010875702,"w":-0.6989188194274902},"size":21.9554500579834,"orthographic":false}