{"cameraMode":{"drawMode":0,"name":"Shaded","section":"Shading Mode"},"sceneLighting":false,"audioPlay":false,"sceneViewState":{"showFog":true,"showMaterialUpdate":false,"showSkybox":true,"showFlares":true,"showImageEffects":true,"showParticleSystems":true},"in2DMode":false,"pivot":{"x":2.384185791015625e-7,"y":0.09999999403953552,"z":4.76837158203125e-7},"rotation":{"x":0.0811505988240242,"y":-0.8432469367980957,"z":0.5229005813598633,"w":0.09579336643218994},"size":9.339640617370606,"orthographic":false}