{"cameraMode":{"drawMode":0,"name":"Shaded","section":"Shading Mode"},"sceneLighting":false,"audioPlay":false,"sceneViewState":{"showFog":true,"showMaterialUpdate":false,"showSkybox":true,"showFlares":true,"showImageEffects":true,"showParticleSystems":true},"in2DMode":false,"pivot":{"x":2.759999990463257,"y":1.257080078125,"z":-2.680000066757202},"rotation":{"x":-0.4273003339767456,"y":0.03996117040514946,"z":-0.018754882737994195,"w":-0.9031391143798828},"size":19.86221694946289,"orthographic":false}